University,Professor,Profile Link,Research Focus,Email Draft
George Washington University,faculty.cs.gwu.edu/timwood,https://faculty.cs.gwu.edu/timwood/,I have been fortunate to work with many excellent students!,"Dear Professor faculty.cs.gwu.edu/timwood,

I hope this message finds you well. My name is Unknown Name, and I am a Computer Science student at University. I am reaching out because I am particularly interested in your research on I have been fortunate to work with many excellent students!.

My technical background includes experience with Programming, Data Structures, Algorithms, and I am eager to apply these skills to research problems in your area of expertise. I am especially interested in understanding how these technologies can be applied to advance your current research projects.

Would you be available for a brief meeting to discuss potential research opportunities in your lab? I would greatly appreciate the chance to learn more about your work and explore ways I might contribute to your research goals.

Thank you for your time and consideration.

Best regards,
Unknown Name
University | Computer Science
"
George Washington University,https://faculty.cs.gwu.edu/xiaodongqu/,https://faculty.cs.gwu.edu/xiaodongqu/,"I am actively recruiting motivated students interested in Machine Learning or Neuroscience.


Explore this research talk Summer 2024 for insights into my recent work and ongoing projects.


Our research lab currently has fifteen students (and fifteen Brain-Computer Interfaces headsets).


My publications are here: Google Scholar and Research Gate.","Dear Professor https://faculty.cs.gwu.edu/xiaodongqu/,

I hope this message finds you well. My name is Unknown Name, and I am a Computer Science student at University. I am reaching out because I am particularly interested in your research on I am actively recruiting motivated students interested in Machine Learning or....

My technical background includes experience with Programming, Data Structures, Algorithms, and I am eager to apply these skills to research problems in your area of expertise. I am especially interested in understanding how these technologies can be applied to advance your current research projects.

Would you be available for a brief meeting to discuss potential research opportunities in your lab? I would greatly appreciate the chance to learn more about your work and explore ways I might contribute to your research goals.

Thank you for your time and consideration.

Best regards,
Unknown Name
University | Computer Science
"
George Washington University,Faculty Directory,https://www.cs.seas.gwu.edu/faculty-directory,Faculty & Research,"Dear Professor Faculty Directory,

I hope this message finds you well. My name is Unknown Name, and I am a Computer Science student at University. I am reaching out because I am particularly interested in your research on Faculty & Research.

My technical background includes experience with Programming, Data Structures, Algorithms, and I am eager to apply these skills to research problems in your area of expertise. I am especially interested in understanding how these technologies can be applied to advance your current research projects.

Would you be available for a brief meeting to discuss potential research opportunities in your lab? I would greatly appreciate the chance to learn more about your work and explore ways I might contribute to your research goals.

Thank you for your time and consideration.

Best regards,
Unknown Name
University | Computer Science
"
